node,pagerank
Trường Đại học Công nghệ,0.00612667
Đại học Quốc gia Hà Nội,0.00334732
sinh viên,0.00263896
ĐHQGHN,0.00197986
Sinh viên,0.00192771
Nhà trường,0.00160722
Nhật Bản,0.00098336
Tuyết Nga,0.00098056
Việt Nam,0.00093218
người học,0.00092377
Phòng Đào tạo,0.0009057
Trường ĐH Công nghệ,0.00090186
Trường ĐHCN,0.00081338
Trường Đại học Công nghệ – Đại học Quốc gia Hà Nội,0.00078317
khu vực cầu đi bộ Mai Dịch,0.00069304
Hà Nội,0.00058155
bài viết,0.00050093
Trường,0.00049438
học bổng,0.00047296
Người học,0.00045672
"Trường Đại học Công nghệ, Đại học Quốc gia Hà Nội",0.00044012
chương trình đào tạo,0.00042539
nghiên cứu,0.00041918
học phí,0.00041419
Khoa học máy tính,0.0004118
Công nghệ thông tin,0.00040233
giảng viên,0.00039938
nhóm nghiên cứu,0.0003759
học kỳ II,0.00037491
Tin Sinh Viên,0.00037175
sinh viên đại học hệ chính quy,0.0003539
Kỹ thuật Robot,0.00035369
nghiên cứu sinh,0.00033878
năm 2024,0.00033009
năm học 2023-2024,0.00032857
Hàn Quốc,0.00032587
UET,0.0003215
năm học 2022-2023,0.0003197
Phòng Công tác sinh viên,0.00031774
nghiên cứu khoa học,0.00030851
Hội đồng Giáo sư cơ sở,0.00030829
doanh nghiệp,0.0003063
thí sinh,0.00030385
Thí sinh,0.00029262
đào tạo,0.0002922
Bộ Giáo dục và Đào tạo,0.00028679
Trường Đại học Công nghệ – ĐHQGHN,0.00028664
Nghiên cứu sinh,0.00028646
Khoa Công nghệ thông tin,0.00027471
năm học 2020-2021,0.00026644
NCS,0.00026282
năm học 2018-2019,0.00026228
sinh viên tốt nghiệp,0.00026048
học viên,0.00025482
Bài viết,0.00025024
đại học,0.00024984
Tin Tổng Hợp,0.00024906
vệ sinh môi trường,0.00024698
ICMAEE 2024,0.00024691
2024,0.00024512
nông nghiệp,0.00024397
học kỳ I,0.00024116
Chương trình đào tạo,0.00024063
Hệ thống thông tin,0.00023843
Thông tư 23/2014/TT-BGDĐT,0.00023687
đơn vị đào tạo,0.00023685
Học viên,0.00023644
học viên cao học,0.00023577
trật tự an toàn giao thông,0.00023288
thời đại 4.0,0.00023156
điểm rèn luyện toàn khóa,0.00022503
công nghệ,0.0002188
tương lai bền vững,0.00021717
Giám đốc Đại học Quốc gia Hà Nội,0.0002171
Khu vực cầu đi bộ Mai Dịch,0.0002154
vật liệu composite ba pha,0.00021249
chương trình trao đổi sinh viên,0.00021227
trật tự đô thị,0.00021149
học bổng khuyến khích học tập,0.00020159
năm 2022,0.00020138
trật tự công cộng,0.00019978
năm học 2019-2020,0.00019955
GS.TSKH Nguyễn Đình Đức,0.00019932
Ứng viên,0.00019822
hội thảo,0.00019691
cán bộ,0.00019668
năm học 2021-2022,0.00019473
ngành học,0.0001941
Khoa,0.00019279
nhà trường,0.00019207
tốt nghiệp,0.00019142
UET-News,0.00018947
"Trường Đại học Công nghệ, ĐHQGHN",0.00018938
chương trình,0.00018476
xã hội,0.00017873
học tập,0.00017853
hoàn trả kinh phí,0.00017836
Hội thảo quốc tế ICMAEE 2024,0.00017399
Hệ thống tự động,0.00017344
ứng viên,0.00017294
Môi trường,0.0001725
thành công,0.00017097
sinh viên tốt nghiệp sớm,0.0001705
ngành đào tạo,0.00016978
Chương trình học bổng Toshiba,0.00016568
Nam,0.00016561
Khoa Công nghệ Thông tin,0.0001631
kỹ sư,0.00016213
Kỹ thuật phần mềm,0.00016202
công nghệ thông tin,0.00016167
GS.TS. Chử Đức Trình,0.00016065
kiến thức,0.00016028
Bộ GD&ĐT,0.00015745
xét tuyển,0.00015742
lần hoàn trả thứ 3,0.00015713
tháng 6 năm 2024,0.00015563
quy định,0.00015295
trường đại học,0.0001521
2018-2019,0.00015155
hệ thống,0.00015006
sinh viên tốt nghiệp đợt tháng 06 năm 2024,0.00014989
Tin tuyển sinh,0.00014915
SV,0.00014887
hồ sơ,0.00014834
thông báo,0.00014721
năm học 2017-2018,0.00014695
tiếng Anh,0.00014628
xét tuyển thẳng,0.00014627
Cầu Giấy,0.00014613
danh sách quốc gia,0.00014464
Bài viết liên quan,0.00014415
sản phẩm,0.00014292
Cơ kỹ thuật,0.00013953
Công ty,0.00013889
luận án Tiến sĩ,0.00013888
hoàn trả học phí,0.00013883
Nhóm nghiên cứu,0.00013833
Kỹ thuật máy tính,0.0001373
năm 2023,0.00013703
công nghiệp,0.00013673
Tư vấn tuyển sinh,0.00013549
ưu tiên xét tuyển,0.00013523
2019-2020,0.00013515
ngành Công nghệ thông tin,0.00013463
VNU-UET,0.00013393
2022,0.00013385
Thủ tướng Chính phủ,0.0001327
Đơn vị đào tạo,0.0001327
Trường Đại học Công nghệ Chiba,0.00013156
khoa Công nghệ thông tin,0.0001309
luận án,0.0001305
Mỹ,0.00013038
chuyển giao công nghệ,0.00012961
Giáo sư Nguyễn Đình Đức,0.00012948
144 Xuân Thủy,0.00012944
Seminar khoa học,0.00012805
Trí tuệ nhân tạo,0.00012767
Ngành Kỹ thuật năng lượng,0.00012743
năm 2019,0.00012699
sinh viên QH-2020,0.00012608
Hiệu trưởng Trường Đại học Công nghệ,0.00012507
Kỹ thuật năng lượng,0.00012444
Khoa Công nghệ Xây dựng – Giao thông,0.00012431
đợt tháng 6 năm 2024,0.00012404
Khoa Điện tử viễn thông,0.00012378
Hội đồng Giáo sư,0.00012286
hội nghị,0.00012279
Năm 2024,0.00012276
3,0.00012252
Hiệu trưởng Nguyễn Việt Hà,0.00012217
sinh viên thuộc chương trình Chất lượng cao,0.00012211
tối ưu hóa,0.00012182
Học bổng,0.00012124
tuyển sinh,0.00012058
học kỳ I năm học 2017-2018,0.00012056
luận án tiến sĩ,0.00012017
lịch thi,0.00012004
2023-2024,0.00011974
HVCH,0.00011939
Hội nghị,0.00011924
phần mềm,0.00011911
Đào tạo sau Đại học,0.0001186
Kỹ thuật Cơ Điện tử,0.00011838
2019,0.00011787
Ngành Đào tạo,0.00011758
Hội đồng,0.00011722
danh sách sinh viên,0.00011711
2018,0.00011701
chương trình đào tạo chất lượng cao,0.0001169
cơ hội việc làm,0.00011654
số tài khoản ngân hàng,0.00011488
AUN-QA,0.00011483
tiến sĩ,0.00011447
năm 2018,0.00011426
tối ưu hóa tấm,0.00011424
tư vấn tuyển sinh,0.00011326
Hiệu trưởng,0.00011285
Cử nhân,0.00011177
chương trình học bổng,0.00011144
dao động phi tuyến,0.00011113
